"ProgramID","1","CurveVersion","K100"
"ProgramName",""
"DateTime","2020/09/29 13:21:55"
"XAxisUnit","mm"
"YAxisUnit","kN"
"Result","OK","",""
"Tolerance Windows","-1,0,0,0,0,0,0,0,0,0,0,0,0,0,0,0,0,0,0,0,0,0,0,0,0,0,0,0,0,0,-1,0,0,0,0,0,0,0,0,0,0,0,0,0,0,0,0,0,0,0,0,0,0,0,0,0,0,0,0,0,-1,0,0,0,0,0,0,0,0,0,0,0,0,0,0,0,0,0,0,0,0,0,0,0,0,0,0,0,0,0,-1,0,0,0,0,0,0,0,0,0,0,0,0,0,0,0,0,0,0,0,0,0,0,0,0,0,0,0,0,0,-1,0,0,0,0,0,0,0,0,0,0,0,0,0,0,0,0,0,0,0,0,0,0,0,0,0,0,0,0,0,0,0,0,0,0,0,0,0,0,0,0,0,0,0,0,0,0,0,0,0,-1,0,0,0,0,0,0,0,0,0,0,0,0,0,0,0,0,0,0,0,0,0,0,0,0,0,0,0,0,0,0,0,0,0,0,0,0,0,0,0,0,0,0,0,0,0,0,0,0,0,0,0,0,0,0,0,0,0,0,0,0,0,0,0,0,0,0,0,0,0,0,0,0,0,0,0,0,0,0,0,128,0,60000,0,50000,1,4,0,250000,0,0,0,0,0,0,0,0,0,0,0,0,0,0,0,0,0,1,0,0,0,0,0,0,0,0,0,0,0,0,0,0,0,0,0,0,0,0,0,0,0,0,0,0,0,0,0,0,0,0,0,0,0,0,0,0,0,0,0,0,0,0,0,0,0,0,0,0,0,0,0,0,0,0,0,0,0,0,0,0,0,0,0,0,0,0,0,0,0,0,0,0,0,0,0,0,0,0,0,0,0,0,0,0,0,0,0,0,0,0,0,0,0,0,0,0,0,0,0,0,0,0,0,0,0,0,0,0,0,0,0,0,0,0,0,0,0,0,0,0,0,0,0,0,0,0,0,0,0,0,0,0,0,0,0,0,0,0,0,0,0,0,0,0,0,0,0,0,0,0,0,0,0,0,0,0,0,0,0,0,0,0,0,0,0,0,0,0,0,0,0,0,0,0,0,0,0,0,0,0,0,0,0,0,0,0,0,0,0,0,0,0,0,0,0,0,0,0,0,0,0,0,0,0,0,0,0,0,0,0,0,0,0,0,0,0,0,0,0,0,0"
"ProductSN","580181005"
"ComponentSN",""
"[NormalWindows0MinPositionPoint]","0,0"
"[NormalWindows0MaxPositionPoint]","0,0"
"[NormalWindows0MinForcePoint]","0,0","","","Index","BLANK","Position","Force","Analog","Time","Speed",""
"[NormalWindows0MaxForcePoint]","0,0","","","0","","0.000","0.000","0.000","0.000","0.000",""
"[NormalWindows1MinPositionPoint]","0,0","","","1","","0.067","0.000","0.000","0.289","1.300",""
"[NormalWindows1MaxPositionPoint]","0,0","","","2","","0.128","0.000","0.000","0.299","2.500",""
"[NormalWindows1MinForcePoint]","0,0","","","3","","0.195","0.000","0.000","0.309","3.800",""
"[NormalWindows1MaxForcePoint]","0,0","","","4","","0.267","0.000","0.000","0.319","5.200",""
"[NormalWindows2MinPositionPoint]","0,0","","","5","","0.348","0.000","0.000","0.329","6.500",""
"[NormalWindows2MaxPositionPoint]","0,0","","","6","","0.433","0.000","0.000","0.339","7.200",""
"[NormalWindows2MinForcePoint]","0,0","","","7","","0.522","0.000","0.000","0.349","7.800",""
"[NormalWindows2MaxForcePoint]","0,0","","","8","","0.618","0.000","0.000","0.359","8.400",""
"[NormalWindows3MinPositionPoint]","0,0","","","9","","0.668","0.000","0.000","0.364","8.600",""
"[NormalWindows3MaxPositionPoint]","0,0","","","10","","0.719","0.000","0.000","0.369","8.900",""
"[NormalWindows3MinForcePoint]","0,0","","","11","","0.772","0.000","0.000","0.374","9.200",""
"[NormalWindows3MaxForcePoint]","0,0","","","12","","0.827","0.000","0.000","0.379","9.500",""
"[UpLimitWindowMinPositionPoint]","0,0","","","13","","0.883","0.000","0.000","0.384","9.800",""
"[UpLimitWindowMaxPositionPoint]","0,0","","","14","","0.940","0.000","0.000","0.389","10.000",""
"[UpLimitWindowMinForcePoint]","0,0","","","15","","1.000","0.000","0.000","0.394","10.300",""
"[UpLimitWindowMaxForcePoint]","0,0","","","16","","1.056","0.000","0.000","0.398","10.600",""
"[LowLimitWindowMinPositionPoint]","0,0","","","17","","1.123","0.000","0.000","0.403","11.000",""
"[LowLimitWindowMaxPositionPoint]","0,0","","","18","","1.188","0.000","0.000","0.408","11.300",""
"[LowLimitWindowMinForcePoint]","0,0","","","19","","1.254","0.000","0.000","0.413","11.600",""
"[LowLimitWindowMaxForcePoint]","0,0","","","20","","1.323","0.000","0.000","0.418","12.000",""
"[XMax]","40.847","","","21","","1.396","0.000","0.000","0.423","12.400",""
"[YMax]","19.901","","","22","","1.469","0.000","0.000","0.428","12.700",""
"RelativeWin0Value","0","0","","23","","1.546","0.000","0.000","0.433","13.200",""
"RelativeWin1Value","0","0","","24","","1.626","0.000","0.000","0.438","13.600",""
"RelativeWin2Value","0","0","","25","","1.709","0.000","0.000","0.443","14.100",""
"RelativeWin3Value","0","0","","26","","1.789","0.000","0.000","0.448","14.500",""
"RelativeWin4Value","0","0","","27","","1.886","0.000","0.000","0.453","15.100",""
"RelativeWin5Value","0","0","","28","","1.980","0.000","0.000","0.458","15.700",""
"[SlopeWin0Value]","0,0","","","29","","2.078","0.000","0.000","0.463","16.400",""
"[SlopeWin1Value]","0,0","","","30","","2.180","0.000","0.000","0.468","17.000",""
"[SlopeWin2Value]","0,0","","","31","","2.291","0.000","0.000","0.473","17.800",""
"[SlopeWin3Value]","0,0","","","32","","2.407","0.000","0.000","0.478","18.600",""
"[MonitorAreaFrom]","0,0","","","33","","2.529","0.000","0.000","0.483","19.600",""
"[MonitorAreaTo]","0,0","","","34","","2.656","0.000","0.000","0.488","20.500",""
"[MeasureValue1]","0,0","","","35","","2.786","0.000","0.000","0.493","21.400",""
"[MeasureValue2]","0,0","","","36","","2.923","0.000","0.000","0.498","22.600",""
"[MeasureValue3]","0,0","","","37","","3.062","0.000","0.000","0.503","23.400",""
"[MeasureValue4]","0,0","","","38","","3.192","0.000","0.000","0.508","24.100",""
"[XMin]","0","","","39","","3.344","0.000","0.000","0.513","25.200",""
"[YMin]","0","","","40","","3.486","0.000","0.000","0.518","26.000",""
"","","","","41","","3.630","0.000","0.000","0.523","26.700",""
"","","","","42","","3.772","0.000","0.000","0.528","27.200",""
"","","","","43","","3.919","0.000","0.000","0.533","27.700",""
"","","","","44","","4.065","0.000","0.000","0.538","28.100",""
"","","","","45","","4.212","0.000","0.000","0.543","28.400",""
"","","","","46","","4.359","0.000","0.000","0.548","28.600",""
"","","","","47","","4.506","0.000","0.000","0.553","28.800",""
"","","","","48","","4.644","0.000","0.000","0.558","29.000",""
"","","","","49","","4.803","0.000","0.000","0.563","29.100",""
"","","","","50","","4.946","0.000","0.000","0.568","29.100",""
"","","","","51","","5.094","0.000","0.000","0.573","29.200",""
"","","","","52","","5.250","0.000","0.000","0.578","29.500",""
"","","","","53","","5.400","0.000","0.000","0.583","29.500",""
"","","","","54","","5.544","0.000","0.000","0.588","29.500",""
"","","","","55","","5.695","0.000","0.000","0.593","29.600",""
"","","","","56","","5.845","0.000","0.000","0.598","29.600",""
"","","","","57","","5.981","0.000","0.000","0.603","29.400",""
"","","","","58","","6.145","0.000","0.000","0.608","29.900",""
"","","","","59","","6.295","0.000","0.000","0.613","29.700",""
"","","","","60","","6.446","0.000","0.000","0.618","29.900",""
"","","","","61","","6.596","0.000","0.000","0.623","29.900",""
"","","","","62","","6.744","0.000","0.000","0.628","29.800",""
"","","","","63","","6.894","0.000","0.000","0.633","29.800",""
"","","","","64","","7.043","0.000","0.000","0.638","29.900",""
"","","","","65","","7.195","0.000","0.000","0.643","29.900",""
"","","","","66","","7.343","0.000","0.000","0.648","29.800",""
"","","","","67","","7.486","0.000","0.000","0.653","30.000",""
"","","","","68","","7.637","0.000","0.000","0.658","29.800",""
"","","","","69","","7.793","0.000","0.000","0.663","29.900",""
"","","","","70","","7.943","0.000","0.000","0.668","29.800",""
"","","","","71","","8.095","0.000","0.000","0.673","29.900",""
"","","","","72","","8.246","0.000","0.000","0.678","29.900",""
"","","","","73","","8.393","0.000","0.000","0.683","29.900",""
"","","","","74","","8.544","0.000","0.000","0.688","29.900",""
"","","","","75","","8.695","0.000","0.000","0.693","29.900",""
"","","","","76","","8.845","0.000","0.000","0.698","30.000",""
"","","","","77","","8.983","0.000","0.000","0.703","29.900",""
"","","","","78","","9.146","0.000","0.000","0.708","30.100",""
"","","","","79","","9.289","0.000","0.000","0.713","29.800",""
"","","","","80","","9.444","0.000","0.000","0.718","30.000",""
"","","","","81","","9.596","0.000","0.000","0.723","30.000",""
"","","","","82","","9.746","0.000","0.000","0.728","29.900",""
"","","","","83","","9.896","0.000","0.000","0.733","30.000",""
"","","","","84","","10.047","0.000","0.000","0.738","30.000",""
"","","","","85","","10.192","0.000","0.000","0.743","29.900",""
"","","","","86","","10.337","0.000","0.000","0.748","29.800",""
"","","","","87","","10.498","0.000","0.000","0.753","30.200",""
"","","","","88","","10.648","0.000","0.000","0.758","29.900",""
"","","","","89","","10.796","0.000","0.000","0.763","30.000",""
"","","","","90","","10.941","0.000","0.000","0.768","29.800",""
"","","","","91","","11.093","0.000","0.000","0.773","29.800",""
"","","","","92","","11.248","0.000","0.000","0.778","30.000",""
"","","","","93","","11.396","0.000","0.000","0.783","29.900",""
"","","","","94","","11.546","0.000","0.000","0.788","29.900",""
"","","","","95","","11.697","0.000","0.000","0.793","30.000",""
"","","","","96","","11.838","0.000","0.000","0.798","29.900",""
"","","","","97","","11.997","0.000","0.000","0.803","29.900",""
"","","","","98","","12.142","0.000","0.000","0.808","29.800",""
"","","","","99","","12.293","0.000","0.000","0.813","29.900",""
"","","","","100","","12.439","0.000","0.000","0.818","29.900",""
"","","","","101","","12.598","0.000","0.000","0.823","30.000",""
"","","","","102","","12.746","0.000","0.000","0.828","29.900",""
"","","","","103","","12.898","0.000","0.000","0.833","30.000",""
"","","","","104","","13.049","0.000","0.000","0.838","30.000",""
"","","","","105","","13.194","0.000","0.000","0.843","29.800",""
"","","","","106","","13.340","0.000","0.000","0.848","30.000",""
"","","","","107","","13.500","0.000","0.000","0.853","30.000",""
"","","","","108","","13.640","0.000","0.000","0.858","29.900",""
"","","","","109","","13.800","0.000","0.000","0.863","30.000",""
"","","","","110","","13.950","0.000","0.000","0.867","30.100",""
"","","","","111","","14.100","0.000","0.000","0.872","29.900",""
"","","","","112","","14.251","0.000","0.000","0.877","30.000",""
"","","","","113","","14.387","0.000","0.000","0.882","29.700",""
"","","","","114","","14.540","0.000","0.000","0.887","29.700",""
"","","","","115","","14.688","0.000","0.000","0.892","29.800",""
"","","","","116","","14.843","0.000","0.000","0.897","30.000",""
"","","","","117","","14.996","0.000","0.000","0.902","29.800",""
"","","","","118","","15.150","0.000","0.000","0.907","30.100",""
"","","","","119","","15.301","0.000","0.000","0.912","29.900",""
"","","","","120","","15.452","0.000","0.000","0.917","30.000",""
"","","","","121","","15.599","0.000","0.000","0.922","29.900",""
"","","","","122","","15.751","0.000","0.000","0.927","29.900",""
"","","","","123","","15.901","0.000","0.000","0.932","30.200",""
"","","","","124","","16.052","0.000","0.000","0.937","30.100",""
"","","","","125","","16.197","0.000","0.000","0.942","30.100",""
"","","","","126","","16.348","0.000","0.000","0.947","30.000",""
"","","","","127","","16.501","0.000","0.000","0.952","30.000",""
"","","","","128","","16.653","0.000","0.000","0.957","30.000",""
"","","","","129","","16.789","0.000","0.000","0.962","29.700",""
"","","","","130","","16.952","0.000","0.000","0.967","29.900",""
"","","","","131","","17.101","0.000","0.000","0.972","29.900",""
"","","","","132","","17.242","0.000","0.000","0.977","29.700",""
"","","","","133","","17.397","0.000","0.000","0.982","29.800",""
"","","","","134","","17.544","0.000","0.000","0.987","29.700",""
"","","","","135","","17.704","0.000","0.000","0.992","30.000",""
"","","","","136","","17.855","0.000","0.000","0.997","30.000",""
"","","","","137","","18.004","0.000","0.000","1.002","29.900",""
"","","","","138","","18.154","0.000","0.000","1.007","29.900",""
"","","","","139","","18.304","0.000","0.000","1.012","30.200",""
"","","","","140","","18.456","0.000","0.000","1.017","30.000",""
"","","","","141","","18.600","0.000","0.000","1.022","29.900",""
"","","","","142","","18.746","0.000","0.000","1.027","30.000",""
"","","","","143","","18.905","0.000","0.000","1.032","30.100",""
"","","","","144","","19.055","0.000","0.000","1.037","30.100",""
"","","","","145","","19.203","0.000","0.000","1.042","29.900",""
"","","","","146","","19.349","0.000","0.000","1.047","29.800",""
"","","","","147","","19.501","0.000","0.000","1.052","29.900",""
"","","","","148","","19.656","0.000","0.000","1.057","30.000",""
"","","","","149","","19.805","0.000","0.000","1.062","29.900",""
"","","","","150","","19.949","0.000","0.000","1.067","29.800",""
"","","","","151","","20.101","0.000","0.000","1.072","29.900",""
"","","","","152","","20.256","0.000","0.000","1.077","30.100",""
"","","","","153","","20.406","0.000","0.000","1.082","29.900",""
"","","","","154","","20.556","0.000","0.000","1.087","29.900",""
"","","","","155","","20.707","0.000","0.000","1.092","30.000",""
"","","","","156","","20.858","0.000","0.000","1.097","30.100",""
"","","","","157","","21.006","0.000","0.000","1.102","30.000",""
"","","","","158","","21.157","0.000","0.000","1.107","29.900",""
"","","","","159","","21.308","0.000","0.000","1.112","30.000",""
"","","","","160","","21.447","0.000","0.000","1.117","29.900",""
"","","","","161","","21.608","0.000","0.000","1.122","30.000",""
"","","","","162","","21.751","0.000","0.000","1.127","29.800",""
"","","","","163","","21.904","0.000","0.000","1.132","29.900",""
"","","","","164","","22.056","0.000","0.000","1.137","29.900",""
"","","","","165","","22.202","0.000","0.000","1.142","29.800",""
"","","","","166","","22.351","0.000","0.000","1.147","29.800",""
"","","","","167","","22.509","0.000","0.000","1.152","30.000",""
"","","","","168","","22.660","0.000","0.000","1.157","30.000",""
"","","","","169","","22.805","0.000","0.000","1.162","29.800",""
"","","","","170","","22.957","0.000","0.000","1.167","30.100",""
"","","","","171","","23.108","0.000","0.000","1.172","29.900",""
"","","","","172","","23.260","0.000","0.000","1.177","30.100",""
"","","","","173","","23.407","0.000","0.000","1.182","30.000",""
"","","","","174","","23.558","0.000","0.000","1.187","29.900",""
"","","","","175","","23.700","0.000","0.000","1.192","29.900",""
"","","","","176","","23.859","0.000","0.000","1.197","30.100",""
"","","","","177","","24.009","0.000","0.000","1.202","29.900",""
"","","","","178","","24.160","0.000","0.000","1.207","29.900",""
"","","","","179","","24.308","0.000","0.000","1.212","30.000",""
"","","","","180","","24.460","0.000","0.000","1.217","30.000",""
"","","","","181","","24.604","0.000","0.000","1.222","29.800",""
"","","","","182","","24.752","0.000","0.000","1.227","29.800",""
"","","","","183","","24.912","0.000","0.000","1.232","30.000",""
"","","","","184","","25.063","0.000","0.000","1.237","30.000",""
"","","","","185","","25.211","0.000","0.000","1.242","30.100",""
"","","","","186","","25.361","0.000","0.000","1.247","29.900",""
"","","","","187","","25.512","0.000","0.000","1.252","29.900",""
"","","","","188","","25.662","0.000","0.000","1.257","29.900",""
"","","","","189","","25.811","0.000","0.000","1.262","29.900",""
"","","","","190","","25.961","0.000","0.000","1.267","29.900",""
"","","","","191","","26.103","0.000","0.000","1.272","29.900",""
"","","","","192","","26.262","0.000","0.000","1.277","30.100",""
"","","","","193","","26.409","0.000","0.000","1.282","29.900",""
"","","","","194","","26.561","0.000","0.000","1.287","29.900",""
"","","","","195","","26.712","0.000","0.000","1.292","29.900",""
"","","","","196","","26.851","0.000","0.000","1.297","29.700",""
"","","","","197","","27.012","0.000","0.000","1.302","29.900",""
"","","","","198","","27.160","0.000","0.000","1.307","29.900",""
"","","","","199","","27.312","0.000","0.000","1.312","29.900",""
"","","","","200","","27.463","0.000","0.000","1.317","29.900",""
"","","","","201","","27.608","0.000","0.000","1.322","30.000",""
"","","","","202","","27.756","0.000","0.000","1.327","29.800",""
"","","","","203","","27.916","0.000","0.000","1.332","30.000",""
"","","","","204","","28.054","0.000","0.000","1.337","29.800",""
"","","","","205","","28.213","0.000","0.000","1.341","29.900",""
"","","","","206","","28.364","0.000","0.000","1.346","30.200",""
"","","","","207","","28.515","0.000","0.000","1.351","30.000",""
"","","","","208","","28.653","0.000","0.000","1.356","29.800",""
"","","","","209","","28.804","0.000","0.000","1.361","29.700",""
"","","","","210","","28.965","0.000","0.000","1.366","30.000",""
"","","","","211","","29.106","0.000","0.000","1.371","29.900",""
"","","","","212","","29.243","0.000","0.000","1.376","29.600",""
"","","","","213","","29.401","0.000","0.000","1.381","29.600",""
"","","","","214","","29.558","0.000","0.000","1.386","30.000",""
"","","","","215","","29.712","0.000","0.000","1.391","29.900",""
"","","","","216","","29.864","0.000","0.000","1.396","29.900",""
"","","","","217","","30.008","0.000","0.000","1.401","29.800",""
"","","","","218","","30.157","0.000","0.000","1.406","30.000",""
"","","","","219","","30.315","0.000","0.000","1.411","30.100",""
"","","","","220","","30.465","0.000","0.000","1.416","29.900",""
"","","","","221","","30.602","0.000","0.000","1.421","29.800",""
"","","","","222","","30.758","0.000","0.000","1.426","30.200",""
"","","","","223","","30.888","0.000","0.000","1.431","29.600",""
"","","","","224","","31.016","0.000","0.000","1.436","29.100",""
"","","","","225","","31.148","0.000","0.000","1.441","28.600",""
"","","","","226","","31.275","0.000","0.000","1.446","28.100",""
"","","","","227","","31.388","0.000","0.000","1.451","27.500",""
"","","","","228","","31.502","0.000","0.000","1.456","26.800",""
"","","","","229","","31.620","0.000","0.000","1.461","26.000",""
"","","","","230","","31.720","0.000","0.000","1.466","25.000",""
"","","","","231","","31.824","0.000","0.000","1.471","24.300",""
"","","","","232","","31.924","0.000","0.000","1.476","23.200",""
"","","","","233","","32.016","0.000","0.000","1.481","22.500",""
"","","","","234","","32.102","0.000","0.000","1.486","21.600",""
"","","","","235","","32.191","0.000","0.000","1.491","20.700",""
"","","","","236","","32.277","0.000","0.000","1.496","19.900",""
"","","","","237","","32.358","0.000","0.000","1.501","19.300",""
"","","","","238","","32.436","0.000","0.000","1.506","18.600",""
"","","","","239","","32.506","0.000","0.000","1.511","17.600",""
"","","","","240","","32.585","0.000","0.000","1.516","17.200",""
"","","","","241","","32.655","0.000","0.000","1.521","16.500",""
"","","","","242","","32.724","0.000","0.000","1.526","15.900",""
"","","","","243","","32.790","0.000","0.000","1.531","15.400",""
"","","","","244","","32.854","0.000","0.000","1.536","14.900",""
"","","","","245","","32.916","0.000","0.000","1.541","14.400",""
"","","","","246","","32.974","0.000","0.000","1.546","13.800",""
"","","","","247","","33.036","0.000","0.000","1.551","13.500",""
"","","","","248","","33.095","0.000","0.000","1.556","13.100",""
"","","","","249","","33.150","0.000","0.000","1.561","12.800",""
"","","","","250","","33.205","0.000","0.000","1.566","12.300",""
"","","","","251","","33.259","0.000","0.000","1.571","12.000",""
"","","","","252","","33.361","0.000","0.000","1.581","11.300",""
"","","","","253","","33.411","0.000","0.000","1.586","11.000",""
"","","","","254","","33.502","0.000","0.000","1.596","10.500",""
"","","","","255","","33.552","0.000","0.000","1.601","10.200",""
"","","","","256","","33.641","0.000","0.000","1.611","9.700",""
"","","","","257","","33.728","0.000","0.000","1.621","9.300",""
"","","","","258","","33.809","0.000","0.000","1.631","8.900",""
"","","","","259","","33.873","0.000","0.000","1.641","8.200",""
"","","","","260","","33.924","0.000","0.000","1.656","6.500",""
"","","","","261","","33.977","0.000","0.000","1.696","1.600",""
"","","","","262","","33.997","0.000","0.000","1.786","0.000",""
"","","","","263","","34.052","0.000","0.000","2.524","1.000",""
"","","","","264","","34.103","0.000","0.000","2.544","2.000",""
"","","","","265","","34.154","0.000","0.000","2.564","2.400",""
"","","","","266","","34.215","0.000","0.000","2.584","2.700",""
"","","","","267","","34.272","0.000","0.000","2.604","2.800",""
"","","","","268","","34.331","0.000","0.000","2.624","2.800",""
"","","","","269","","34.390","0.000","0.000","2.644","2.800",""
"","","","","270","","34.452","0.000","0.000","2.664","3.000",""
"","","","","271","","34.512","0.000","0.000","2.684","3.000",""
"","","","","272","","34.572","0.000","0.000","2.704","2.900",""
"","","","","273","","34.632","0.000","0.000","2.724","2.900",""
"","","","","274","","34.689","0.000","0.000","2.744","2.900",""
"","","","","275","","34.752","0.000","0.000","2.763","2.900",""
"","","","","276","","34.812","0.000","0.000","2.783","2.900",""
"","","","","277","","34.872","0.000","0.000","2.803","3.000",""
"","","","","278","","34.932","0.000","0.000","2.823","2.900",""
"","","","","279","","34.988","0.000","0.000","2.843","2.800",""
"","","","","280","","35.052","0.000","0.000","2.863","2.900",""
"","","","","281","","35.106","0.000","0.000","2.883","2.800",""
"","","","","282","","35.156","0.000","0.000","2.898","2.900",""
"","","","","283","","35.218","0.000","0.000","2.918","2.900",""
"","","","","284","","35.277","0.000","0.000","2.938","3.000",""
"","","","","285","","35.337","0.000","0.000","2.958","2.900",""
"","","","","286","","35.394","0.000","0.000","2.978","2.900",""
"","","","","287","","35.456","0.000","0.000","2.998","2.900",""
"","","","","288","","35.518","0.000","0.000","3.018","2.900",""
"","","","","289","","35.578","0.000","0.000","3.038","3.000",""
"","","","","290","","35.636","0.000","0.000","3.058","2.900",""
"","","","","291","","35.693","0.000","0.000","3.078","2.800",""
"","","","","292","","35.756","0.000","0.000","3.098","3.000",""
"","","","","293","","35.819","0.000","0.000","3.118","2.900",""
"","","","","294","","35.876","0.000","0.000","3.138","2.900",""
"","","","","295","","35.931","0.000","0.000","3.158","2.800",""
"","","","","296","","35.994","0.000","0.000","3.178","3.000",""
"","","","","297","","36.055","0.000","0.000","3.198","2.800",""
"","","","","298","","36.119","0.000","0.000","3.218","2.900",""
"","","","","299","","36.176","0.000","0.000","3.237","2.900",""
"","","","","300","","36.239","0.000","0.000","3.257","2.900",""
"","","","","301","","36.296","0.000","0.000","3.277","2.900",""
"","","","","302","","36.358","0.000","0.000","3.297","2.900",""
"","","","","303","","36.419","0.000","0.000","3.317","2.900",""
"","","","","304","","36.479","0.000","0.000","3.337","3.000",""
"","","","","305","","36.539","0.000","0.000","3.357","2.900",""
"","","","","306","","36.599","0.000","0.000","3.377","2.900",""
"","","","","307","","36.657","0.000","0.000","3.397","2.900",""
"","","","","308","","36.715","0.000","0.000","3.417","2.800",""
"","","","","309","","36.776","0.000","0.000","3.437","2.900",""
"","","","","310","","36.839","0.000","0.000","3.457","2.900",""
"","","","","311","","36.899","0.000","0.000","3.477","3.000",""
"","","","","312","","36.956","0.000","0.000","3.497","2.900",""
"","","","","313","","37.019","0.000","0.000","3.517","2.900",""
"","","","","314","","37.074","0.000","0.000","3.537","2.800",""
"","","","","315","","37.139","0.000","0.000","3.557","2.900",""
"","","","","316","","37.199","0.000","0.000","3.577","2.900",""
"","","","","317","","37.258","0.000","0.000","3.597","2.900",""
"","","","","318","","37.316","0.000","0.000","3.617","2.900",""
"","","","","319","","37.379","0.000","0.000","3.637","2.900",""
"","","","","320","","37.438","0.000","0.000","3.657","2.900",""
"","","","","321","","37.498","0.000","0.000","3.677","2.900",""
"","","","","322","","37.560","0.000","0.000","3.696","2.900",""
"","","","","323","","37.619","0.000","0.000","3.716","3.100",""
"","","","","324","","37.676","0.000","0.000","3.736","2.800",""
"","","","","325","","37.739","0.000","0.000","3.756","2.900",""
"","","","","326","","37.799","0.000","0.000","3.776","2.900",""
"","","","","327","","37.853","0.000","0.000","3.796","2.800",""
"","","","","328","","37.903","0.000","0.000","3.811","2.900",""
"","","","","329","","37.964","0.000","0.000","3.831","2.900",""
"","","","","330","","38.024","0.000","0.000","3.851","2.900",""
"","","","","331","","38.083","0.000","0.000","3.871","2.800",""
"","","","","332","","38.141","0.000","0.000","3.891","2.900",""
"","","","","333","","38.205","0.000","0.000","3.911","3.000",""
"","","","","334","","38.266","0.000","0.000","3.931","2.900",""
"","","","","335","","38.325","0.000","0.000","3.951","3.000",""
"","","","","336","","38.380","0.000","0.000","3.971","2.800",""
"","","","","337","","38.444","0.000","0.000","3.991","2.900",""
"","","","","338","","38.506","0.000","0.000","4.011","2.900",""
"","","","","339","","38.566","0.054","0.000","4.031","3.000",""
"","","","","340","","38.589","0.465","0.000","4.045","2.800",""
"","","","","341","","38.640","0.767","0.000","4.056","2.900",""
"","","","","342","","38.663","1.178","0.000","4.070","2.700",""
"","","","","343","","38.714","1.424","0.000","4.081","2.900",""
"","","","","344","","38.758","1.835","0.000","4.097","2.900",""
"","","","","345","","38.816","2.136","0.000","4.116","2.900",""
"","","","","346","","38.876","2.246","0.000","4.136","2.900",""
"","","","","347","","38.941","2.191","0.000","4.156","2.900",""
"","","","","348","","39.001","1.972","0.000","4.175","2.900",""
"","","","","349","","39.061","1.698","0.000","4.195","3.000",""
"","","","","350","","39.120","1.479","0.000","4.215","2.900",""
"","","","","351","","39.179","1.287","0.000","4.235","2.900",""
"","","","","352","","39.241","1.205","0.000","4.255","2.900",""
"","","","","353","","39.301","1.178","0.000","4.275","3.000",""
"","","","","354","","39.361","1.232","0.000","4.295","2.900",""
"","","","","355","","39.417","1.397","0.000","4.315","2.800",""
"","","","","356","","39.474","1.589","0.000","4.335","2.800",""
"","","","","357","","39.526","1.753","0.000","4.350","2.900",""
"","","","","358","","39.586","2.027","0.000","4.370","3.000",""
"","","","","359","","39.647","2.383","0.000","4.390","3.000",""
"","","","","360","","39.705","2.739","0.000","4.410","2.900",""
"","","","","361","","39.764","3.041","0.000","4.430","2.800",""
"","","","","362","","39.827","3.397","0.000","4.450","3.100",""
"","","","","363","","39.884","3.780","0.000","4.470","3.000",""
"","","","","364","","39.932","4.191","0.000","4.490","2.900",""
"","","","","365","","39.992","4.520","0.000","4.505","2.900",""
"","","","","366","","40.037","4.931","0.000","4.520","3.000",""
"","","","","367","","40.061","5.342","0.000","4.533","2.800",""
"","","","","368","","40.111","5.753","0.000","4.545","2.900",""
"","","","","369","","40.142","6.164","0.000","4.555","2.900",""
"","","","","370","","40.171","6.575","0.000","4.566","2.900",""
"","","","","371","","40.202","6.986","0.000","4.575","3.000",""
"","","","","372","","40.217","7.397","0.000","4.584","3.000",""
"","","","","373","","40.241","7.808","0.000","4.593","2.800",""
"","","","","374","","40.279","8.219","0.000","4.606","2.600",""
"","","","","375","","40.312","8.630","0.000","4.652","0.800",""
"","","","","376","","40.351","9.041","0.000","5.050","0.000",""
"","","","","377","","40.376","9.452","0.000","5.394","0.000",""
"","","","","378","","40.400","9.863","0.000","5.756","0.000",""
"","","","","379","","40.430","10.274","0.000","6.170","0.000",""
"","","","","380","","40.465","10.686","0.000","6.652","0.000",""
"","","","","381","","40.498","11.098","0.000","7.121","0.000",""
"","","","","382","","40.531","11.509","0.000","7.571","0.000",""
"","","","","383","","40.564","11.921","0.000","8.047","0.000",""
"","","","","384","","40.597","12.333","0.000","8.513","0.000",""
"","","","","385","","40.629","12.745","0.000","8.968","0.000",""
"","","","","386","","40.646","13.156","0.000","9.212","0.000",""
"","","","","387","","40.661","13.568","0.000","9.416","0.000",""
"","","","","388","","40.676","13.980","0.000","9.620","0.000",""
"","","","","389","","40.690","14.392","0.000","9.816","0.000",""
"","","","","390","","40.703","14.803","0.000","10.011","0.000",""
"","","","","391","","40.716","15.215","0.000","10.188","0.000",""
"","","","","392","","40.729","15.627","0.000","10.359","0.000",""
"","","","","393","","40.740","16.039","0.000","10.514","0.000",""
"","","","","394","","40.751","16.450","0.000","10.681","0.000",""
"","","","","395","","40.763","16.862","0.000","10.840","0.000",""
"","","","","396","","40.774","17.274","0.000","11.005","0.000",""
"","","","","397","","40.786","17.686","0.000","11.168","0.000",""
"","","","","398","","40.798","18.098","0.000","11.333","0.000",""
"","","","","399","","40.809","18.509","0.000","11.487","0.000",""
"","","","","400","","40.820","18.921","0.000","11.650","0.000",""
"","","","","401","","40.832","19.333","0.000","11.807","0.000",""
"","","","","402","","40.843","19.745","0.000","11.969","0.000",""
"","","","","403","","40.847","19.901","0.000","12.028","0.000",""
"","","","","404","","40.836","19.490","0.000","12.254","0.200",""
"","","","","405","","40.836","19.078","0.000","12.258","0.200",""
"","","","","406","","40.823","18.666","0.000","12.261","0.400",""
"","","","","407","","40.805","18.254","0.000","12.264","0.800",""
"","","","","408","","40.805","17.843","0.000","12.266","0.800",""
"","","","","409","","40.785","17.411","0.000","12.269","1.200",""
"","","","","410","","40.785","17.000","0.000","12.271","1.200",""
"","","","","411","","40.764","16.568","0.000","12.274","1.600",""
"","","","","412","","40.764","16.137","0.000","12.276","1.600",""
"","","","","413","","40.743","15.705","0.000","12.279","2.000",""
"","","","","414","","40.743","15.274","0.000","12.281","2.000",""
"","","","","415","","40.718","14.862","0.000","12.283","2.500",""
"","","","","416","","40.718","14.431","0.000","12.286","2.500",""
"","","","","417","","40.718","14.019","0.000","12.288","2.500",""
"","","","","418","","40.695","13.588","0.000","12.290","3.000",""
"","","","","419","","40.695","13.176","0.000","12.292","3.000",""
"","","","","420","","40.671","12.745","0.000","12.295","3.400",""
"","","","","421","","40.671","12.313","0.000","12.297","3.400",""
"","","","","422","","40.646","11.901","0.000","12.299","3.800",""
"","","","","423","","40.646","11.470","0.000","12.302","3.800",""
"","","","","424","","40.620","11.039","0.000","12.304","4.200",""
"","","","","425","","40.620","10.627","0.000","12.307","4.200",""
"","","","","426","","40.594","10.196","0.000","12.309","4.500",""
"","","","","427","","40.594","9.780","0.000","12.311","4.500",""
"","","","","428","","40.594","9.369","0.000","12.313","4.500",""
"","","","","429","","40.567","8.931","0.000","12.314","4.700",""
"","","","","430","","40.567","8.493","0.000","12.316","4.700",""
"","","","","431","","40.567","8.082","0.000","12.318","4.700",""
"","","","","432","","40.540","7.643","0.000","12.320","4.800",""
"","","","","433","","40.540","7.205","0.000","12.322","4.800",""
"","","","","434","","40.513","6.794","0.000","12.323","4.900",""
"","","","","435","","40.513","6.383","0.000","12.325","4.900",""
"","","","","436","","40.513","5.945","0.000","12.327","4.900",""
"","","","","437","","40.485","5.506","0.000","12.329","5.100",""
"","","","","438","","40.485","5.068","0.000","12.331","5.100",""
"","","","","439","","40.454","4.630","0.000","12.333","5.200",""
"","","","","440","","40.454","4.219","0.000","12.335","5.200",""
"","","","","441","","40.454","3.808","0.000","12.337","5.200",""
"","","","","442","","40.424","3.397","0.000","12.339","5.300",""
"","","","","443","","40.424","2.986","0.000","12.341","5.300",""
"","","","","444","","40.395","2.547","0.000","12.343","5.400",""
"","","","","445","","40.395","2.136","0.000","12.346","5.400",""
"","","","","446","","40.395","1.726","0.000","12.348","5.400",""
"","","","","447","","40.363","1.287","0.000","12.350","5.600",""
"","","","","448","","40.363","0.849","0.000","12.352","5.600",""
"","","","","449","","40.332","0.438","0.000","12.354","5.700",""
"","","","","450","","40.332","0.027","0.000","12.357","5.700",""
"","","","","451","","40.268","0.000","0.000","12.363","5.900",""
"","","","","452","","40.201","0.000","0.000","12.373","6.200",""
"","","","","453","","40.132","0.000","0.000","12.383","6.300",""
"","","","","454","","40.062","0.000","0.000","12.393","6.600",""
"","","","","455","","39.986","0.000","0.000","12.403","6.800",""
"","","","","456","","39.909","0.000","0.000","12.413","7.100",""
"","","","","457","","39.830","0.000","0.000","12.423","7.300",""
"","","","","458","","39.747","0.000","0.000","12.433","7.600",""
"","","","","459","","39.661","0.000","0.000","12.443","7.900",""
"","","","","460","","39.570","0.000","0.000","12.453","8.200",""
"","","","","461","","39.478","0.000","0.000","12.463","8.500",""
"","","","","462","","39.380","0.000","0.000","12.473","8.900",""
"","","","","463","","39.329","0.000","0.000","12.478","9.100",""
"","","","","464","","39.279","0.000","0.000","12.483","9.300",""
"","","","","465","","39.227","0.000","0.000","12.488","9.500",""
"","","","","466","","39.173","0.000","0.000","12.493","9.700",""
"","","","","467","","39.113","0.000","0.000","12.498","9.900",""
"","","","","468","","39.058","0.000","0.000","12.503","10.100",""
"","","","","469","","39.000","0.000","0.000","12.508","10.400",""
"","","","","470","","38.936","0.000","0.000","12.513","10.700",""
"","","","","471","","38.878","0.000","0.000","12.518","10.900",""
"","","","","472","","38.809","0.000","0.000","12.523","11.300",""
"","","","","473","","38.743","0.000","0.000","12.528","11.600",""
"","","","","474","","38.673","0.000","0.000","12.533","12.000",""
"","","","","475","","38.602","0.000","0.000","12.538","12.400",""
"","","","","476","","38.529","0.000","0.000","12.543","12.800",""
"","","","","477","","38.452","0.000","0.000","12.548","13.100",""
"","","","","478","","38.373","0.000","0.000","12.553","13.600",""
"","","","","479","","38.291","0.000","0.000","12.558","14.100",""
"","","","","480","","38.207","0.000","0.000","12.563","14.500",""
"","","","","481","","38.119","0.000","0.000","12.568","15.100",""
"","","","","482","","38.027","0.000","0.000","12.573","15.500",""
"","","","","483","","37.934","0.000","0.000","12.578","16.100",""
"","","","","484","","37.853","0.000","0.000","12.583","16.300",""
"","","","","485","","37.777","0.000","0.000","12.588","16.400",""
"","","","","486","","37.727","0.000","0.000","12.593","15.900",""
"","","","","487","","37.665","0.000","0.000","12.603","14.000",""
"","","","","488","","37.604","0.000","0.000","12.618","10.200",""
"","","","","489","","37.552","0.000","0.000","12.643","3.400",""
"","","","","490","","37.502","0.000","0.000","12.777","0.000",""
